Inferno Games,9.5,7.8
Infinite Dreams/ Paragon 5,9.5,8.1
Tecmo/ Graphic Research,9.4,7.9
Telenet,9.3,7.2
Pax Softonica,9.3,7.2
Housemarque,9.2,7.4
Activision Value,9.2,7
Milestone,9.1,6.2
Quest,9.1,8.8
Codo Games,9.1,7.8
Rockstar Vancouver,9.1,8.7
Victor Interactive Software,9.05,7.9
Marvelous,9.025,7.8
Flagship,9,8.9
Roxor Games,9,7.2
Swingin' Ape,9,8.25
Software Creations,9,7.9
GREZZO,9,8.9
NATSUME ATARI Inc.,9,8.1
Oddworld Inhabitants,8.975,8.525
Retro Studios,8.966666666666667,9
Blizzard North,8.95,8.75
Prolific,8.9,2.7
Kronos Digital Entertainment,8.9,8.4
NEC Interchannel,8.9,7.8
Inti,8.9,7.925
Inti/ Inti Creates,8.9,7.8
Monolith Soft/ Namco Bandai Games,8.9,7.5
Nintendo EAD Tokyo,8.85,8.9
Koei/Inis,8.85,7.65
Overworks,8.833333333333334,8.266666666666667
CD Projekt Red Studio,8.828571428571427,8.842857142857143
Sacnoth,8.8,7.3
Blueshift,8.8,8.5
Infogrames,8.8,7.2
Interactive Brains,8.8,5.7
Spike Chunsoft Co. Ltd./ Spike Chunsoft,8.8,6.9
Dreamworks Interactive,8.8,8.9
Sunrise Interactive,8.8,7.1
Spike/ Namco Bandai Games,8.8,7.25
ThatGameCompany,8.8,9.2
Infogrames Sheffield,8.8,6.2
Capcom/ Pipeworks Software Inc.,8.8,7.4
ProSoft,8.8,8.5
SystemSoft,8.8,7.4
Deadline Games,8.799999999999999,7.2
Monolith Soft,8.77142857142857,8.085714285714285
Orbital Media/ Inc.,8.75,7.65
Valve Software,8.73076923076923,9.138461538461538
Opus/ Project Sora,8.7,8.3
Maximum Games,8.7,6.9
Omiya Soft/ Jamsworks,8.7,7.5
Tate Interactive,8.7,5.8
Irrational Games/ 2K Marin,8.7,9.6
War Drum Studios,8.7,6.4
Nitro+,8.7,8.3
1C/ 1C Company,8.7,8.85
Dearsoft,8.7,6.4
SCS Software,8.7,7.9
Pterodon,8.7,7.4
Aqua Plus,8.7,6.5
Micro Cabin,8.7,6.45
Digital Extremes/ 2K Marin,8.7,9.4
Max Five,8.7,6.2
Nautilus,8.649999999999999,8.05
Seta Corporation,8.649999999999999,6.65
Jester Interactive,8.633333333333333,7.3
JGI Entertainment,8.600000000000001,7.05
Metro,8.600000000000001,7.25
Team 17/ Two Tribes,8.6,8.05
Tarsier Studios/ Double Eleven,8.6,8.8
Harmonix Music Systems/ Backbone Entertainment,8.6,7.9
Game Arts/ Seta Corporation,8.6,6.4
Humongous Entertainment,8.6,5.35
Vogster,8.6,7.8
Black Sea Studios,8.6,7
Lead Pursuit,8.6,9
Katauri Interactive,8.6,8.2
Number None Inc./ Knockout Games,8.6,9
Realism Ltd,8.6,8.2
BioWare/ Demiurge Studios,8.6,8.9
Atlus/ Dingo Inc.,8.6,7.6
Punchline/ Shirogumi,8.6,5.9
Level 5/ Brownie Brown,8.6,7.3
Zoo Games,8.6,4.7
Snap Dragon Games,8.6,7
Game Freak,8.6,8
Ready at Dawn,8.599999999999998,8.72
KCEJ,8.58181818181818,7.9727272727272736
Funcom,8.575,8.025
Indie Built,8.566666666666666,7.933333333333333
Amanita Design,8.55,8.35
Irrational Games,8.525,9.15
Black Isle Studios,8.525,8.225
Naughty Dog,8.52,8.92
Cing,8.5,7.833333333333333
Just Add Monsters,8.5,6.8
Chris Sawyer,8.5,7.4
Zener Works,8.5,7
Digital Fiction,8.5,5.6
Empty Clip Studios,8.5,7.5
Dimps Corporation/ Sonic Team,8.5,8.2
Big Blue Box,8.5,8.5
Hypnos Entertainment,8.5,8.4
Microsoft Game Studios Japan,8.5,8.1
Kuusou Kagaku,8.5,6.55
Next Entertainment,8.5,5.8
Vanguard,8.5,7.9
Direct Action Games,8.5,4.4
Good-Feel,8.5,7.8
KCEK,8.5,9.1
Lancarse/ Atlus,8.5,7.5
Iridon Interactive AB,8.5,6.8
2D Boy,8.5,9
Autumn Moon,8.5,7.5
HAL Labs,8.484615384615385,7.876923076923077
Eighting/Raizing,8.475,7.225
Shaba Games,8.469999999999999,7.58
Media Molecule,8.466666666666667,8.633333333333333
NuFX,8.466666666666667,8.166666666666668
EA Sports Big,8.466666666666667,8.933333333333334
SCE Santa Monica,8.459999999999999,8.72
Clap Hanz,8.457142857142857,7.928571428571429
UGA,8.45,7.85
Atlus Co.,8.4375,8.3625
Petroglyph,8.433333333333335,7.333333333333333
Atlus,8.429411764705883,8.194117647058823
Yager,8.425,7.475
Intelligent Systems,8.405555555555557,8.477777777777778
Prokion,8.4,6.7
Sega/ Sonic Team,8.4,7.3
Digital Anvil,8.4,8.1
Guerilla Cambridge,8.4,7.85
Media Vision/ Contrail,8.4,7.8
Crispy's,8.4,7.4
Million,8.4,7.5
Tose Software,8.4,7.8
Tantatus/ Nintendo,8.4,8.6
The Behemoth,8.4,7.8
Incognito Inc.,8.4,7.7333333333333325
Beep Industries,8.4,7.3
Psyonix,8.4,8.6
Spike Chunsoft/ Chime,8.4,8.2
DMA Design/ Rockstar North,8.4,9.3
PLAYGROUND/ Playground Games,8.4,8.5
Capcom/ Pipeworks Software/ Inc.,8.4,7.7
Agenda,8.4,8.3
Pacific Century Cyber Works,8.4,4.6
SuperVillain Studios,8.399999999999999,7.4
Level 5,8.39375,7.99375
ArenaNet,8.375,8.675
Sucker Punch,8.357142857142858,8.257142857142856
ITL,8.35,7.95
Rocksteady Studios/ Virtuos,8.35,7.5
GSC Game World,8.35,7.775
Camelot Software Planning,8.344444444444443,8.1
ChunSoft,8.34,6.88
8ing/Raizing,8.333333333333334,7.4
Psygnosis,8.333333333333334,9.1
Monster Games Inc.,8.328571428571427,7.628571428571429
Free Radical Design,8.327272727272726,7.99090909090909
Ensemble Studios,8.3,8.559999999999999
Delphine Software International,8.3,5.8
Elixir Studios,8.3,7.5
Edmund McMillen/ Florian Himsl,8.3,8.4
Mistwalker,8.3,7.8
Venan Entertainment/ Cashmere Prod.,8.3,8
Frozenbyte/ Inc.,8.3,8.2
Ice-Pick Lodge,8.3,7.7
Dimps Corporation/ SCE Japan Studio,8.3,7.3
Southend Interactive,8.3,7.4
SEK Ost,8.3,7.1
Related Designs,8.3,7.9
Deep Red,8.3,6.7
SCEI,8.3,7.425
Felistella,8.3,7.4
Cosmigo,8.3,8
Goshow,8.3,5.6
Raylight Studios,8.3,7
Multimedia Intelligence Transfer,8.3,6.2
neo Software,8.3,8.9
Hot Lava Games,8.3,6
Noise Factory,8.3,7.9
Paradox Interactive,8.3,7
Crystal Dynamics/ Nixxes Software,8.299999999999999,8.6
Vanillaware,8.299999999999999,8.42
Rockstar North,8.285714285714286,9.285714285714286
5pb,8.285714285714286,7.328571428571429
Ion Storm,8.275,8.425
Blue Shift,8.266666666666666,7.7333333333333325
Kush Games/ Visual Concepts,8.266666666666666,8.266666666666667
Zipper Interactive,8.2625,7.8
Savage Entertainment,8.25,6.6
Takara,8.25,5.65
Gaijin Games,8.25,7.95
Vanilla Ware,8.25,8.1
Mitchell,8.25,7.05
DMA Design,8.25,8.35
4A Games,8.24,8
Bethesda Softworks,8.225,7.875
Rockstar London,8.200000000000001,7.166666666666667
Game Republic/ JapanStudio,8.2,7.5
Sega/ French-Bread,8.2,6.6
Halfbrick Studios,8.2,7.5
Turbine Inc.,8.2,8.5
Retro Studios/ Entertainment Analysis & Development Division,8.2,8.5
Rockstar Vienna,8.2,7.3
Ironclad Games,8.2,8.7
Neversoft Entertainment/ BudCat,8.2,8.2
Psikyo,8.2,6.3
Boxed Dream,8.2,7.3
Noise Inc.,8.2,6.95
Gearbox Software/ WayForward,8.2,7.6
Vivarium,8.2,7.2
THQ/ 1C/ 1C Company,8.2,7.7
InLight Entertainment,8.2,6.7
G1M2,8.2,5.6
Stainless Steel Studios,8.2,8.1
SCE Japan Studio/ comcept,8.2,7.7
HAL Labs/ Creatures Inc.,8.2,6.8
IR Gurus Interactive Ltd.,8.2,7.6
Rocksteady Studios,8.19090909090909,8.60909090909091
KCET,8.187999999999999,8.128
Aki Corp.,8.185714285714285,7.671428571428571
Sony Bend,8.183333333333332,7.683333333333333
Namco,8.158928571428572,7.767857142857143
FASA Studio,8.15,7.7
Surreal Software,8.15,7.366666666666667
Coresoft,8.15,6
Bongfish,8.15,7
Illusion Softworks,8.133333333333333,7.3
Spicy Horse,8.133333333333333,7.166666666666667
Polyphony Digital,8.128571428571428,8.82857142857143
Jupiter Corporation,8.12,7.56
Game Arts,8.116666666666665,7.841666666666667
Falcom,8.111111111111109,8.044444444444444
Flagship/ HAL Labs,8.1,7.1
Mistwalker/ Artoon,8.1,7.95
Kamui,8.1,5.1
Red Storm Entertainment/ Ubisoft Paris,8.1,8.5
Tomy Corporation,8.1,7.2
Curly Monsters,8.1,7
SuperMassive Games,8.1,7.55
Naughty Dog/ SCE/WWS,8.1,8.8
Screenlife Games/ WXP,8.1,7.3
Warner Bros. Interactive Entertainment,8.1,7.3
Iron Lore Entertainment,8.1,7.7
Factor 5,8.1,8.25
Eurocom Entertainment Software/ Visceral Games,8.1,8.2
Artificial Mind and Movement/ EA Redwood Shores,8.1,7
JV Games Inc.,8.1,6.6
Headup Games,8.1,7.2
SCi,8.1,6.5
Synetic,8.1,5.6
Headfirst Productions,8.1,7.7
Twisted Pixel Games,8.1,7.7
Transmission Games,8.1,6.2
Blue Fang Games,8.1,7.2
Team Fusion,8.1,7.5
SquareSoft,8.086666666666666,8.379999999999999
Wow Entertainment,8.08,7.18
2K Games,8.066666666666668,7.4
Pocketeers,8.066666666666666,7.033333333333333
Black Ship Games,8.066666666666666,6.633333333333333
Bungie Software,8.066666666666665,9.366666666666667
Tri-Ace,8.063636363636364,7.5181818181818185
Nerve Software,8.05,7.65
Hypnotix,8.05,7.15
Pendulo Studios,8.05,7.7
Pitbull Syndicate,8.05,7.2
United Front Games,8.05,8.15
Omega Force/ Koei Tecmo Games,8.05,7
Zono Inc.,8.05,6.5
Monolith Productions,8.049999999999999,8
Io Interactive,8.045000000000002,7.925
Pandemic Studios,8.0375,7.29375
NetherRealm Studios,8.033333333333333,8.266666666666667
Barnhouse Effect,8.033333333333333,6.166666666666666
Yacht Club Games,8.033333333333333,8.933333333333334
DONTNOD Entertainment,8.033333333333333,7.666666666666667
Sand Grain Studios,8.025,5.75
Nintendo,8.019117647058822,8.047058823529412
Starbreeze,8.00909090909091,7.909090909090909
Eighting,8.000000000000002,6.34
Amusement Vision,8,7.857142857142857
Sega/ Tom Create,8,5.9
Mindware Studios,8,6
Ryu ga Gotoku Studios,8,7.6
New,8,7.5
Imagineer,8,5.1
Fox Interactive,8,6.25
2015,8,7.3
Mekensleep,8,7.8
Runic Games,8,8.3
Human Soft,8,5.8
Sonic Powered,8,5.9
Office Create,8,7
Raster,8,6.6
ArtePiazza,8,7.4799999999999995
WorkJam,8,6.1
Ubisoft Paris/ Ubisoft Montpellier,8,6.45
THQ/ Yuke's,8,7.8
DreamRift,8,7.9
UBlart Montpellier,8,8.516666666666667
T&E Soft,8,6.9
Pinegrow,8,7.5
Doki Denki,8,7
Realtime Worlds,8,8.3
BottleRocket Entertainment,8,6.8
Climax Studios,8,7
Prograph,8,3.5
Vicious Cycle/ Infinite Interactive,8,8.4
Big Huge Games,7.983333333333333,8.266666666666667
Sandlot,7.971428571428571,6.985714285714286
KING Art,7.966666666666666,7.2
Marvelous AQL,7.966666666666666,7.2666666666666675
Crystal Dynamics,7.966666666666664,7.671428571428571
Sony Online Entertainment,7.959999999999999,6.840000000000001
Bandai,7.954545454545454,5.736363636363636
Hitmaker,7.950000000000001,7.375
Andamiro U.S.A. Corp.,7.95,7.35
1C: Maddox Games,7.95,7.3
S-Neo,7.95,7
MachineGames,7.949999999999999,7.7666666666666675
Inevitable Entertainment,7.949999999999999,6
CyberConnect2,7.945454545454547,7.209090909090909
Grasshopper Manufacture,7.938461538461538,7.246153846153847
Studio Liverpool,7.933333333333334,8.233333333333333
Tecmo,7.933333333333334,6.9833333333333325
Loose Cannon Studios,7.933333333333333,6.7333333333333325
Sting,7.933333333333333,6.758333333333333
Shin'en,7.925,7.55
Koei,7.9222222222222225,6.888888888888888
Quantic Dream,7.92,8.18
Smilebit,7.92,8.28
Atari,7.919999999999999,6.859999999999999
Acquire,7.918181818181816,6.4727272727272736
SCE Japan Studio,7.911764705882353,7.711764705882354
Colossal Order,7.900000000000001,7.566666666666667
Treasure,7.9,7.75
Keen Games,7.9,8.15
Animation Arts,7.9,7.7
Edge Entertainment/ Anima Project,7.9,5.2
EA Mythic,7.9,8.6
SCEA/ Zindagi Games,7.9,7.6
id Software/ Nerve Software,7.9,7.7
Runtime,7.9,6.9
Nival Interactive,7.9,7.7
Westwood Studios,7.9,7.2
Blue Byte/ Related Designs,7.9,8.25
Sega AM3,7.9,8
Dreamworks Games,7.9,8
Ninja Studio,7.9,6.5
High Moon Studios/ Mercenary Technologies,7.9,7.8
Mad Doc Software/ Rockstar Vancouver,7.9,7.6
ApolloSoft,7.9,6.9
Certain Affinity,7.9,8.9
Cranky Pants Games,7.9,7.35
PopCap,7.8999999999999995,7.946666666666667
WXP,7.8999999999999995,6.65
Saffire,7.8999999999999995,5.675
Rockstar Leeds,7.888888888888889,8.3
Snowblind Studios,7.8875,7.425
Headstrong Games,7.883333333333333,7.35
Clover Studio,7.875000000000001,8.0625
Double Fine Productions,7.875,8.3
Rockstar Toronto,7.871428571428571,7.9
Renegade Kid,7.866666666666667,7.2666666666666675
Exakt,7.862500000000001,6.775
Triumph Studios,7.860000000000001,7.659999999999999
2K Czech,7.859999999999999,7.840000000000001
Atomic Planet Entertainment,7.859999999999999,7.0200000000000005
Arkedo Studio,7.85,7.4
Genki,7.85,6.5375
syn Sophia,7.85,7.45
Shift/ Bandai Namco Games,7.85,7.05
Natsume,7.849999999999999,5.970000000000001
Sega AM2,7.844444444444444,8.155555555555555
SimBin,7.840000000000001,7.44
Flight-Plan,7.833333333333333,7.166666666666667
Eidos Montreal,7.825,8.625
Vigil Games,7.814285714285714,8.3
Raven Software,7.8125,7.99375
Isopod Labs,7.800000000000001,6.6
Career Soft,7.800000000000001,7.05
LucasArts/ Red Fly Studio,7.8,7.1
Deep Space,7.8,6.7
Mobius Entertainment,7.8,7.8
Crawfish Interactive,7.8,8.3
Virtual Air Guitar Company,7.8,5.6
Frima Studio,7.8,6.5
KnowWonder,7.8,6.966666666666667
Examu,7.8,7.5
Daedalic Entertainment,7.8,7.475
Re-Logic,7.8,7.7
Kheops Studio,7.8,5.6
Rockstar Toronto/ Rockstar Leeds,7.8,8.1
Alphadream Corporation,7.8,7.7
Magic Rings,7.8,7.9
Sony Online Entertainment/ Mind Control Software,7.8,7.7
LightBox Interactive,7.8,7.7
Ubisoft/ FunHouse,7.8,7.2
Rockstar San Diego,7.8,8.08235294117647
Playground Games,7.8,8.85
Amaze,7.8,6.3
Tecmo/ Ntreev Soft,7.8,7.2
Darkworks,7.8,7.2
Tenky,7.8,6.4
Vivendi Games,7.8,6.6
Full-Fat,7.8,6.2
Enterbrain,7.8,5.8
Sun-Tec,7.8,8.2
Ganbarion,7.799999999999999,6.957142857142857
PlatinumGames,7.794117647058825,7.547058823529412
Neverland,7.791666666666665,6.583333333333333
Alfa System,7.783333333333332,6.85
Omega Force,7.781159420289856,6.405797101449275
Larian Studios,7.779999999999999,7.3
Acclaim Studios Austin,7.775,7.475
Rare Ltd.,7.7749999999999995,7.6625
Ubisoft Montpellier,7.772222222222222,7.8277777777777775
Rage Software,7.766666666666666,7.033333333333333
WinkySoft,7.766666666666666,5.933333333333334
Capcom,7.756249999999993,7.509375
Monkey Bar Games,7.75,4.9
Kojima Productions/ Moby Dick Studio,7.75,9.4
People Can Fly,7.75,7.45
Team Bondi,7.75,8.9
Mercury Steam,7.75,7.2
Climax Entertainment,7.75,6.65
Rockstar Studios,7.733333333333333,8.666666666666668
Melbourne House,7.733333333333333,6.833333333333333
Harmonix Music Systems,7.7218750000000025,8.303125
Revolution Software,7.720000000000001,7.6
Next Level Games,7.707692307692307,6.7
Rainbow Studios,7.704,7.140000000000001
Sonic Team,7.702857142857142,6.6085714285714285
Beluga Computer,7.7,4.6
Phantagram,7.7,7.95
Contraband Entertainment,7.7,7.5
SCE/WWS/ SCE Japan Studio,7.7,7.9
Compulsion Games,7.7,6.2
Jupiter Corporation/ Jupiter Multimedia,7.7,7
Nicalis,7.7,8.2
Black Rock Studio,7.7,7.840000000000001
Matrix Software,7.7,7.82
Silicon Studio,7.7,7.9
Subterranean Games,7.7,6.5
Croteam,7.7,7.62
JoWooD Entertainment AG,7.7,5.9
Electronic Arts/ EA Redwood Shores,7.7,7.1
Marvelous Inc.,7.7,7
Digital Mayhem,7.7,6.4
Firaxis Games,7.699999999999998,8.715384615384616
Bluepoint Games,7.679999999999998,8.3
Criterion Games,7.679166666666667,8.4125
From Software,7.676190476190477,6.988095238095238
Bits Studios,7.675000000000001,5.825
Virtuos,7.675000000000001,7.175
Cave,7.675,7.05
Pyro Studios,7.671428571428572,6.628571428571429
Remedy Entertainment,7.671428571428571,8.114285714285714
Kuju Entertainment,7.666666666666667,7.111111111111112
Epic Games/ People Can Fly,7.666666666666667,8.3
Turn 10,7.659999999999999,8.78
Koei Tecmo Games,7.657142857142857,6.871428571428571
Epic Games,7.654545454545455,8.636363636363637
Tripwire Interactive,7.65,7.6
Tri-Crescendo,7.65,7.225
Smart Bomb Interactive,7.65,6.225
Studio Saizensen,7.65,7.05
Naps Team,7.65,6
h.a.n.d. Inc.,7.6499999999999995,7
Pseudo Interactive,7.6499999999999995,6.725
EA Redwood Shores,7.638095238095239,7.642857142857143
Jellyvision/ Iron Galaxy Studios,7.633333333333334,8.166666666666668
Suzak,7.633333333333333,6.566666666666667
Ratbag,7.633333333333333,6.033333333333333
Aspect,7.633333333333333,7
Relic,7.628571428571427,7.992857142857143
Ubisoft Toronto,7.6000000000000005,8.075
Nintendo/ Nintendo Software Technology,7.6000000000000005,7.2
Hudson Entertainment,7.6000000000000005,5.966666666666667
Edge of Reality,7.6000000000000005,6.8
RED Entertainment,7.6,7.55
Midway Studios - Los Angeles,7.6,7.75
Big Blue Bubble Inc.,7.6,5.2
Metanet Software Inc./ SilverBirch Studios,7.6,8.05
Arrowhead Game Studios,7.6,7.4
Cyan Worlds,7.6,7.9
Q-Games,7.6,8.1
Square Enix/ TOSE,7.6,8.3
Deep Silver/ Sproing Interactive Media/ Sproing,7.6,6.7
Magellan Interactive,7.6,6.9
Tantatus,7.6,6.7
TopWare Interactive,7.6,5.4
Aspyr,7.6,6.85
EA Japan Studio,7.6,7.2
Flying Lab Software,7.6,7.6
Nintendo/ Headstrong Games,7.6,8.1
WB Games Montreal,7.6,7.5
FuRyu,7.6,6.720000000000001
Idea Factory,7.6,6.7
10tacle Studios/ Fusionsphere Systems,7.6,6.8
Rebellion/ Neversoft Entertainment,7.6,7.3
Human Head Studios,7.599999999999999,6.1
Spike Chunsoft,7.589999999999999,6.9799999999999995
Team Ninja,7.58888888888889,7.616666666666667
Guerrilla,7.583333333333333,7.55
4J Studios,7.580000000000001,6.9
DreamFactory,7.575,6
Irem,7.566666666666667,6.916666666666667
Stormregion,7.566666666666667,7.166666666666667
Experience Inc.,7.566666666666666,6.9
Q Entertainment,7.557142857142857,8.114285714285714
Bugbear,7.554545454545454,7.3545454545454545
Polygon Magic,7.550000000000001,6.35
Bullfrog Productions,7.550000000000001,8.3
Eidos Interactive,7.55,7.475
Steel Monkeys,7.55,5.5
Studio 33,7.55,6.3
Insomniac Games,7.544444444444445,7.966666666666667
Obsidian Entertainment,7.543749999999999,7.84375
Midway Studios - Austin,7.540000000000001,6.76
Luxoflux/ Inc.,7.5375,7.2625
Adrenium,7.533333333333334,5.8
Dimps Corporation,7.531818181818181,6.631818181818181
Totally Games,7.525,6.425
Nixxes Software,7.524999999999999,7.8375
Eurocom Entertainment Software,7.522499999999999,6.51
Square Enix,7.522499999999999,7.505
5TH Cell,7.522222222222222,7.444444444444445
KCE Studios,7.5200000000000005,5.720000000000001
EA Chicago,7.514285714285713,7.814285714285714
Neversoft Entertainment,7.506976744186045,8.123255813953488
Splash Damage/ The Coalition,7.5,8.2
Sanzaru Games,7.5,6.528571428571429
Anchor,7.5,6.966666666666667
Climax Group/ Climax Studios,7.5,7.642857142857143
Skip Ltd.,7.5,7.8
Foundation 9 Entertainment,7.5,4.7
SCEE/ Zoe Mode,7.5,8
Backbone Emeryville,7.5,7.5
Velez & Dubail,7.5,5.5
EA DICE/ Danger Close,7.5,7.5
Gulti,7.5,7.3
Eagle Dynamics,7.5,7.6
Studio Archcraft,7.5,5.8
Babylon Software,7.5,4.5
Artificial Mind and Movement/ Polygon Magic,7.5,6.9
Sunflowers Interactive,7.5,7.8
IronNos Co./Ltd.,7.5,7.8
Ubisoft Sofia,7.5,7.2
D3Publisher,7.5,5.1
Warner Bros. Interactive Entertainment/ NetherRealm Studios,7.5,8.45
Vicarious Visions/ Neversoft Entertainment,7.5,7.7
Bullets,7.5,7.35
Buddiez/ Inc.,7.5,7.4
GlyphX Games,7.5,6.8
Big Blue Bubble Inc./ Breakthrough New Media,7.5,6.2
Coldwood Interactive,7.5,4.8
EA Tiburon/ n-Space,7.5,5.8
Volition Inc./ Reactor Zero,7.5,8.2
Digital Illusions,7.492307692307692,7.246153846153847
Krome Studios,7.488461538461538,6.0807692307692305
Midway,7.484090909090909,6.86590909090909
Microsoft Game Studios,7.4818181818181815,7.49090909090909
Creative Assembly,7.480000000000001,7.425
Bohemia Interactive,7.4750000000000005,7.125
Mass Media,7.4692307692307685,6.138461538461539
Nadeo,7.466666666666668,7.866666666666667
Big Ant Studios,7.466666666666666,6.866666666666667
Creatures Inc.,7.466666666666666,6.333333333333334
Black Box,7.4625,7.625
Arc System Works,7.4593750000000005,7.6375
Volition Inc.,7.4571428571428555,7.823809523809524
Digital Extremes,7.455555555555555,7.655555555555556
SNK Playmore,7.4526315789473685,6.794736842105263
Ascaron Entertainment GmbH,7.45,7.3
Quicksilver Software,7.45,6.35
Hellbent Games,7.45,5.575
Nippon Ichi Software,7.445454545454547,7.459090909090909
TOSE,7.441176470588235,7.202941176470588
Avalanche Software,7.437499999999998,6.45625
Microids,7.433333333333334,7.022222222222223
989 Sports,7.433333333333334,6.533333333333333
EA LA,7.43125,7.36875
Now Production,7.43,6.659999999999999
Bizarre Creations,7.429999999999998,7.31
Traveller's Tales,7.429411764705883,7.258823529411766
Bigbig Studios,7.425,7.1
Ignition Entertainment,7.425,7.7
Backbone Entertainment,7.418749999999999,7.1375
Engine Software,7.416666666666668,7.866666666666667
Blue Tongue Entertainment,7.416666666666668,6.7
Arkane Studios,7.416666666666667,8.5
Gas Powered Games,7.414285714285714,7.7857142857142865
Kojima Productions,7.408333333333332,8.008333333333333
The Game Factory,7.4,5.45
Fusionsphere Systems,7.4,6.6
Blue 52,7.4,5.1
Respawn Entertainment,7.4,8.66
Sanzaru Games/ Sanzaru Games Inc.,7.4,7.3
Dimps Corporation/ Namco Bandai Games,7.4,7.15
Matrix Software/ Marvelous Entertainment,7.4,7.1
Santa Entertainment,7.4,6.2
Sabertooth Games,7.4,5.5
Nightlight Studios,7.4,3.9
Ubisoft Vancouver,7.4,4.725
MASA Group,7.4,4.7
Carbine Studios,7.4,8.2
G-Artists,7.4,6.35
Naughty Dog/ Sony Bend,7.4,8
Krome Studios/ Screenlife Games,7.4,7.6
I-Imagine,7.4,6
Brownie Brown,7.4,7.05
Appaloosa Interactive,7.3999999999999995,5.8
Page 44 Studios,7.3999999999999995,6.777777777777777
id Software/ Raven Software,7.3999999999999995,7.2333333333333325
SCEJ,7.3999999999999995,6.933333333333333
2K Marin,7.383333333333333,7.783333333333333
EA Games,7.383333333333332,6.783333333333333
Sumo Digital,7.382352941176471,7.23529411764706
Nd Cube,7.375,7.3
Eugen Systems,7.375,7.525
EA Black Box,7.372727272727274,7.99090909090909
Success,7.366666666666667,6.3
Farsight Studios,7.359999999999999,7.06
Racjin,7.354545454545454,6.263636363636364
iNiS,7.3500000000000005,7.35
Project Aces,7.3500000000000005,7.533333333333333
EA Seattle,7.3500000000000005,7.15
Taito Corporation,7.35,6.95625
Introversion/ Double Eleven,7.35,7.7
Z-Axis/ Ltd.,7.346666666666666,6.873333333333333
Image Epoch/ Imageepoch,7.344444444444444,6.333333333333334
Gearbox Software,7.333333333333333,7.503703703703704
Mercury Steam/ Alchemic Productions,7.333333333333333,6.2
Idea Factory/ Compile Heart,7.333333333333333,5.2
Bandai Namco Games,7.331578947368421,6.7368421052631575
Access Games,7.324999999999999,6.4
EA Canada,7.323178807947021,7.63112582781457
Frogwares,7.3166666666666655,6.65
Climax Group,7.315384615384617,6.492307692307692
Juice Games,7.3125,6.75
Acclaim Studios Cheltenham,7.31,6.57
High Moon Studios,7.309090909090909,6.772727272727273
PopTop Software,7.300000000000001,7.3
Konami Software Shanghai,7.3,6.4
Trendy Entertainment,7.3,8.1
SuperBot Entertainment,7.3,7.4
Crea-Tech,7.3,6.2
NaturalMotion,7.3,5.6
EnjoyUp Games,7.3,6.8
SCE/WWS/ Media Molecule,7.3,9.1
Indies Zero,7.3,7.7125
Razorworks Studios,7.3,5.05
Monolith Soft/ Banpresto,7.3,7
odenis studio,7.3,7.3
Neon Studios,7.3,7.2
1C/ Ino-Co/ 1C Company,7.3,7.2
Machatin/ Inc.,7.3,5.6
SCEA/ Think and Feel,7.3,6.3
369 Interactive,7.3,4.5
King of the Jungle,7.3,4.5
The Workshop,7.3,7
Compile Heart/ GCREST,7.3,5.5
Digital Eclipse,7.287499999999999,7.0125
BioWare,7.281818181818181,8.804545454545455
SCEA San Diego Studios,7.276,7.9
Stormfront Studios,7.275,6.85
Sega,7.2749999999999995,7.078125
Planet Moon Studios,7.2749999999999995,6.9
Bethesda Game Studios,7.2666666666666675,9.055555555555555
Swordfish Studios,7.266666666666667,7.2
Gratuitous Games,7.266666666666667,7.333333333333333
Pam Development,7.266666666666666,7.533333333333333
SCE Studio Cambridge,7.266666666666666,6.233333333333333
Take-Two Interactive,7.266666666666666,7.133333333333333
SEGA Racing Studio,7.266666666666666,7.533333333333333
Acclaim,7.263999999999999,6.464
EA Montreal,7.2625,7.15
Ubisoft Paris,7.257142857142859,6.842857142857143
Moss,7.25,6.35
Genius Sonority Inc.,7.25,6.5
Disney Interactive,7.25,6.95
Other Ocean Interactive,7.25,7.2
Vicious Cycle,7.241666666666666,6.441666666666667
Eden Studios,7.237500000000001,7.15
NanaOn-Sha,7.233333333333334,7.2666666666666675
Evolution Studios,7.233333333333333,7.65
LucasArts,7.233333333333333,6.7904761904761894
Hydravision,7.233333333333333,5.6
Neverland/ Idea Factory,7.233333333333333,5.166666666666666
SCEA,7.221428571428571,7.157142857142857
Warthog,7.212499999999999,6.05
Avalanche Studios,7.211111111111112,7.566666666666667
Maxis,7.204761904761904,7.4452380952380945
WayForward,7.200000000000001,6.477777777777777
Kadokawa,7.2,6.5
VU Games,7.2,4.7
Gust/ Idea Factory,7.2,6.2
Panther Software,7.2,4.4
M2,7.2,7.15
Activision/ Traveller's Tales,7.2,6.3
Gust,7.2,6.807142857142857
Paradox Development Studio,7.2,7.7
Opus Studio,7.2,6
Netherock Ltd.,7.2,8
TimeGate Studios,7.2,6.7333333333333325
Ubisoft Montreal,7.194318181818182,7.526136363636364
Cavia Inc.,7.191666666666666,6.2
Arika,7.185714285714286,6.414285714285714
Griptonite Games,7.178260869565219,6.504347826086956
343 Industries,7.175000000000001,8.45
RedLynx,7.175,7.65
SCEE,7.175,6.8875
Konami,7.1659999999999995,7.176
Haemimont,7.163636363636363,7.1
CyberConnect2/ Racjin,7.15,7.4
Lost Toys,7.15,7.05
Vicarious Visions,7.14915254237288,7.4847457627118645
Ubisoft Reflections,7.125,7.575
Paon Corporation,7.12,6.44
Visual Concepts,7.116176470588235,8.229411764705883
Blizzard Entertainment,7.114999999999999,8.92
Amuze,7.1000000000000005,6.5
IR Gurus,7.1000000000000005,7.133333333333333
Red Storm Entertainment/ Ubisoft Montreal,7.1000000000000005,7.2
Milestone/ Milestone S.r.l,7.1,7.35
UDS,7.1,6
Replay Studios/ ML Enterprises,7.1,5.6
TimeGate Studios/ Day 1 Studios,7.1,6.6
RED Entertainment/ Artdink,7.1,6.8
WBIE,7.1,6.95
Indi,7.1,6.3
Fusionsphere Systems/ Animation Arts,7.1,6.4
1C:Ino-Co,7.1,7.1
Ascaron Entertainment GmbH/ Ascaron Entertainment,7.099999999999999,7.066666666666667
Pipeworks Software/ Inc.,7.090909090909091,5.636363636363637
Gaijin Entertainment,7.090909090909091,6.50909090909091
Crytek,7.090909090909091,7.936363636363636
Opus,7.085714285714286,5.914285714285715
Hudson,7.081818181818182,6.5
EA Sports,7.07310344827586,8.042758620689655
Marvelous Entertainment,7.066666666666666,6.25
Namco Bandai Games,7.061538461538461,6.8307692307692305
Venom Games,7.06,6.76
TT Games,7.058139534883719,7.086046511627908
Red Storm Entertainment,7.057142857142858,7.157142857142857
Yuke's,7.054166666666667,7.310416666666667
ZeniMax Media,7.050000000000001,7.4
Black Hole Games,7.050000000000001,6.4
Locomotive Games,7.05,6.7
AQ Interactive,7.05,6.65
K2 LLC,7.033333333333334,6.033333333333333
SCEE London Studio,7.033333333333332,6.883333333333333
Electronic Arts,7.023529411764706,7.413235294117646
Compile Heart,7.022222222222222,6.266666666666667
Namco Bandai Games America/ Namco Bandai Games,7.014285714285714,6.871428571428571
Media Vision,7.012500000000001,6.4125
Etranges Libellules,7.0125,5.9875
TT Fusion,7.011111111111111,7.166666666666667
Presto Studios,7,5.7
LDW/ Big Fish Games,7,4.6
Ubisoft Annecy,7,5.2
Nex Entertainment,7,6.55
Shift,7,6.4
Atari/ Transmission Games/ Atari SA,7,6.2
Ntreev Soft,7,7.7
Confounding Factor,7,6.7
Playstos Entertainment,7,5.7
Square Enix/ h.a.n.d. Inc.,7,6.6
Tecmo Koei Canada,7,4.4
Happy Happening,7,7.5
EA Phenomic,7,7.5
Banpresto/ SoftMax,7,6.9
SoftMax,7,6.6
Deep Fried Entertainment,7,5.9
Computer Artworks,7,7.8
RFX Interactive,7,7.2
Urban Games,7,7
Legacy Interactive,7,6.9
Brash Entertainment,7,3.4
Io Interactive/ Nixxes Software,7,7.9
Mix Max,7,7.9
Namco Bandai Games America,7,4
FreeStyleGames,6.989999999999999,7.88
Point of View,6.985714285714286,5.828571428571428
Creat Studios,6.983333333333333,5.1
Trion Worlds,6.975,6.675
Sidhe Interactive,6.966666666666666,5.766666666666667
Paradigm Entertainment,6.963636363636363,6.827272727272726
Pivotal Games,6.959999999999999,5.7700000000000005
InXile Entertainment,6.955555555555556,6.7666666666666675
Wizarbox,6.95,6.3
THQ Digital Studio Phoenix,6.95,6.2
Bungie,6.95,8.85
Square Enix/ Tri-Ace,6.95,7.3
Massive Entertainment,6.949999999999999,8.2
Spike,6.94705882352941,5.794117647058823
Bec,6.9399999999999995,4.9799999999999995
Codemasters,6.93728813559322,7.801694915254236
Ivory Tower,6.933333333333333,7.066666666666667
High Voltage Software,6.922580645161289,6.116129032258065
EA DICE,6.916666666666667,8.179166666666667
Paradox Development,6.916666666666665,5.166666666666666
Day 1 Studios,6.9111111111111105,7.477777777777777
Treyarch,6.909523809523812,7.592857142857143
Microvision,6.900000000000001,6.3
Sega/ Dimps Corporation,6.9,6.6
Simon & Schuster,6.9,7.2
Examu/ Marvelous Inc.,6.9,7
CCP,6.9,7.1
ValuSoft,6.9,5.6
Media Molecule/ United Front Games,6.9,7.3
Vatra,6.9,6.4
NoWay Studio,6.9,4.4
Valuewave Co./Ltd.,6.8999999999999995,6.5
Webfoot Technologies,6.8999999999999995,5.366666666666666
Kush Games,6.88888888888889,7.816666666666667
Red Fly Studio,6.885714285714286,5.871428571428572
Heavy Iron Studios,6.87,6.035
Ubisoft,6.86730769230769,6.714423076923078
Deck 13,6.866666666666667,5
Asobo Studio,6.858333333333333,6.166666666666666
Ubisoft Bulgaria,6.85,5.7
Mistic Software,6.85,5.8
Platinum Egg,6.85,4.65
Core Design Ltd.,6.849999999999999,6.55
EA Tiburon,6.840697674418603,7.655813953488372
Terminal Reality,6.833333333333335,6.585714285714286
Tango Gameworks,6.833333333333333,7.4
Sports Interactive,6.808333333333334,8.208333333333332
Techland,6.800000000000002,6.765000000000001
Cunning Developments,6.8,5.7
Gaia (Sony),6.8,6.6
WideScreen Games,6.8,4.4
Volition Inc./ CD Projekt Red Studio/ CD Projekt/ CD Projekt Localisation Centre,6.8,7.2
Team Ninja/ Tecmo,6.8,5.95
Lab Rats Games,6.8,4.8
Brain Toys,6.8,6.7
Nintendo/ Intelligent Systems,6.8,7.5
BeeWorks,6.8,6
Team Soho,6.8,7.2
Blade Interactive,6.8,5.466666666666667
Bluehole Studio,6.8,7.7
Buena Vista Interactive,6.8,4.7
Zerodiv,6.8,6.166666666666666
BattleGoat Studios,6.8,6.3
Nuevo Retro Games,6.8,6.7
Cyberlore Studios,6.8,6
Skyworks Technologies,6.8,4.9
1st Playable Productions,6.8,7.15
Armature Studio,6.8,6.45
Wicked Witch Software,6.8,6.4
Spidersoft/ Spiders,6.8,5.6
Team 17,6.799999999999999,6.342857142857143
Left Field Productions,6.779999999999999,6.0600000000000005
Ninja Theory,6.779999999999999,8.24
Radical Entertainment,6.76764705882353,6.7558823529411764
Artech Studios,6.766666666666666,5.633333333333334
Milestone S.r.l,6.76,6.69
Beenox,6.752631578947369,6.615789473684211
Beyond Games,6.75,5.45
David A. Palmer Productions,6.75,5.95
Neon Studios/ Kaiko,6.75,6.45
GenePool,6.733333333333334,5.933333333333334
City Interactive/ Deck 13,6.733333333333334,7.066666666666667
Saber Interactive,6.733333333333334,6.316666666666666
Piranha Games,6.733333333333333,5.833333333333334
Ubisoft Shanghai,6.730434782608695,6.934782608695651
Koei/ Omega Force,6.728571428571428,5.414285714285715
Blue Castle Games,6.723076923076922,7.1692307692307695
High Impact Games,6.720000000000001,7.08
Gameloft,6.716666666666666,5.516666666666667
Konami Computer Entertainment Hawaii,6.712499999999999,6.1375
Activision,6.708333333333333,5.725
2K Sports,6.707692307692307,7.323076923076923
Lionhead Studios,6.7,7.866666666666667
Pacific Coast Power & Light,6.7,5.9
Cranberry Production,6.7,7.6
Flying Tiger Development,6.7,7.1
Studio Gigante,6.7,6.05
Ubisoft/ Sensory Sweep,6.7,5.9
Big Sky Software,6.7,5.4
Hudson Soft,6.7,6.21
K2/ Kurogane,6.7,3.5
Bandai Namco Games/ Artdink,6.699999999999999,6.65
Immersion Software & Graphics,6.699999999999999,5.15
Wideload Games Inc.,6.675000000000001,6.4
Capcom Vancouver,6.675,7.2
Treyarch/ Shaba Games,6.675,6.275
Spiders,6.666666666666667,6.033333333333333
Ubisoft Romania,6.654545454545453,7.045454545454545
Sony Interactive Entertainment,6.65,6.25
Majesco Games/ Majesco,6.65,6.15
49Games,6.65,4.9
Santa Cruz Games,6.65,4.9
Artificial Mind and Movement,6.625,5.565625
Iron Galaxy Studios,6.625,7.1
Visceral Games,6.6230769230769235,7.484615384615384
Xpec,6.614285714285714,6.4
Spark Unlimited,6.609999999999999,5.61
Supersonic Software,6.6000000000000005,4.633333333333334
Ubisoft Milan,6.6000000000000005,5.3
Sennari Interactive,6.6,7.3
Ready at Dawn/ SCE Santa Monica,6.6,6.3
Runecraft,6.6,4.8
Activision/ Behaviour Interactive,6.6,5.9
Awesome Studios,6.6,7.5
Omega Force/ Koei Canada,6.6,6.2
Pipe Dream Interactive,6.6,5.55
Entersphere/ Inc.,6.6,5.7
Kaos Studios,6.6,7.2
Armature Studio/ comcept,6.6,6.3
Buka Entertainment/ Targem Games,6.6,3.3
Magic Pockets,6.5875,6.5375
Prope,6.58,6.62
Rebellion,6.565625,5.9
Dice/ Danger Close,6.550000000000001,7.3
Gaming Minds Studios,6.525,6.4
id Software,6.512499999999999,7.575
Angel Studios,6.5,6.166666666666666
Tamsoft/ D3Publisher,6.5,5.7
Monte Cristo Multimedia,6.5,6.866666666666667
EA Canada/ Nihilistic,6.5,5.5
InterServ International,6.5,5.8
Epicenter Studios,6.5,5.75
Valhalla Game Studios,6.5,4.3
Pentavision Entertainment,6.5,7.7
EA Canada/ Sensory Sweep,6.5,3.4
Unigine Corp/ Russia,6.5,6.7
Rare Ltd./ BigPark,6.5,6.6
Best Way,6.5,7.4
zSlide,6.5,5.5
The Tangentlemen,6.5,6.2
Omega Force/ Tecmo Koei Games,6.5,6.4
Zindagi Games,6.5,6.1
Argonaut Games,6.499999999999999,6.128571428571428
Toys for Bob,6.476470588235294,7.5
EA Salt Lake,6.4750000000000005,7.45
Splash Damage,6.4750000000000005,7.35
Tantalus Interactive,6.475,6.425
TOYBOX,6.466666666666666,5.8
Amaze Entertainment,6.466666666666666,6.05
AWE Games,6.45,5.3
Project Soul,6.45,7.9
Volatile Games,6.45,6.05
Infinite Interactive,6.45,7.275
The Sims Studio,6.45,7.6875
Kunos Simulazioni,6.45,6.8
Harmonix Music Systems/ Demiurge Studios,6.449999999999999,7.55
Acclaim Studios Manchester,6.449999999999999,6.5
SunSoft,6.449999999999999,6.8
Slightly Mad Studios,6.449999999999999,8.283333333333333
THQ,6.442857142857142,6.476190476190476
Nihilistic,6.44,5.68
BudCat,6.425000000000001,7.0875
Avalon Style,6.4,6
Boston Animation,6.4,6.1
Electronic Arts/ Rebellion,6.4,6.15
Outrage Games,6.4,6.8
Fuse Games Limited,6.4,7.05
Reality Pump,6.4,6.575
Ambrella/ The Pokemon Company,6.4,5.8
Games Farm,6.4,6.5
Factor 5/ SCE/WWS,6.4,5.3
Akella,6.4,6.05
SCEA/ Sims,6.4,6.6
Phoenix Games Studio,6.4,5.6
Global A,6.4,7
High Voltage Software/ Ubisoft Paris,6.4,6.1
Visual Sciences,6.4,8.1
VSTEP,6.4,5.55
Magenta Software,6.3999999999999995,5.9
Airtight Games,6.3999999999999995,5.733333333333333
7 Studios,6.3999999999999995,4.975
Exient Entertainment,6.386363636363637,6.4818181818181815
Art,6.375,4.95
Silicon Knights,6.371428571428572,5.828571428571428
GRIN,6.366666666666666,5.916666666666666
Double Helix Games,6.352631578947369,6.08421052631579
Kung Fu Factory,6.35,4.8
Firebrand Games,6.3428571428571425,6.942857142857143
Bungie Software/ Bungie,6.34,8.34
Shiny Entertainment,6.34,5.220000000000001
Ambrella,6.333333333333333,5.233333333333333
Attention To Detail,6.333333333333333,6.266666666666667
Good Science Studio,6.3,6.1
Razorworks,6.3,3.7
Hypnos,6.3,5
System Prisma,6.3,6.8
Nintendo/ Spike Chunsoft,6.3,5.9
Aqua Pacific/ In2Games,6.3,7.3
Art Co./ Ltd.,6.3,5.4
Rising Star Games,6.3,4.9
Propaganda Games,6.3,6.233333333333333
Junction Point,6.3,6.5
2K Australia,6.3,7.533333333333333
Buena Vista Games,6.3,6.2
Flagship Studios,6.3,7
Behaviour Interactive,6.3,6
Coffee Stain Studios,6.3,5.3
Bionic Games,6.3,6.6
VIS Entertainment,6.275,5.35
Coyote Developments,6.266666666666666,5.633333333333334
KCEO,6.25,4.7
Black Ops Entertainment,6.242857142857142,5
CAProduction,6.233333333333334,5.866666666666666
n-Space,6.23076923076923,6.038461538461538
Torus Games,6.225,5.125
Zoe Mode,6.2125,6.35
Rhino Studios,6.2,6.3
Game Arts/ Japan Art Media (JAM),6.2,5.9
Idol Minds,6.2,5.35
Nippon Ichi Software/ Hit Maker,6.2,5
Battlefront.com/ 1C/ 1C Company,6.2,6.6
Blue Planet Software,6.2,4.4
Tiwak,6.2,6.2
Stainless Games,6.2,5.566666666666666
Cohort Studios,6.2,6
Syscom,6.2,6.3
The Coalition,6.2,8.4
Buzz Monkey,6.2,5.7
Killaware,6.2,4.8
Cryptic Studios,6.2,6.6
Destineer,6.199999999999999,5.75
Cattle Call,6.199999999999999,6.55
FUN Labs,6.184615384615384,4.7846153846153845
Nordic Games Publishing,6.175000000000001,6.625
FireFly Studios,6.16,6.1
Reflections Interactive,6.15,6.625
Mad Catz,6.15,4.55
Capcom/ QLOC,6.15,7.4
Starsphere Interactive,6.15,4.15
Giants Software,6.1499999999999995,5.05
\N,6.1499999999999995,5.9
Inti Creates,6.142857142857143,6.528571428571429
Blue Byte,6.14,6.640000000000001
Game Republic,6.111111111111112,5.955555555555556
K2,6.1,4.9
G.Rev,6.1,6
Eidos Montreal/ Nixxes Software,6.1,8.3
HexaDrive,6.1,7.1
Activision/ FreeStyleGames,6.1,8.4
Tecmo Koei Games,6.1,5.4
Digital Embryo,6.1,5.5
Strangelite,6.1,4.6
Square Enix/ Think and Feel,6.1,8.1
Playlogic/ The Game Factory,6.1,5.2
Arzest,6.1,6.4
Zombie,6.1,6.1
PuzzleKings,6.1,6.7
Still Alive Studios,6.1,4.6
Zombie Studios,6.075,5.25
Secret Level,6.075,5.575
Eden,6.066666666666666,7
Ritual Entertainment/ Avalanche Software,6.050000000000001,4
Top Heavy Studios,6.050000000000001,4.75
Pyramid,6.05,6.55
2XL Games,6.05,6.3
Prope/ Kadokawa,6.05,4.5
Jaleco Entertainment,6.033333333333332,5.716666666666667
Blitz Games,6.023529411764706,5.905882352941177
Nintendo/ Nd Cube,6.000000000000001,5.925
Circus Freak,6,4.4
Pocket Studios,6,4.4
Stalker Entertainment,6,5.7
Ruffian Games,6,7
Zed Two Limited,6,6.1
Buzz Monkey/ EA Montreal,6,4.9
Ubisoft Shanghai/Paris,6,5.8
Zen Studios,6,5.5
Ubisoft Quebec,5.991666666666666,6.525
Novarama,5.966666666666666,6.4
Artdink,5.966666666666666,5.766666666666667
Papaya Studios,5.955555555555556,5.377777777777778
EKO Software,5.95,5.3
Tilted Mill,5.949999999999999,6.85
EA Bright Light,5.929999999999998,5.595000000000001
Ubisoft Reflections/ Ivory Tower,5.900000000000001,6.533333333333333
Blueside,5.9,5.5
Eighting/ Genius Sonority Inc.,5.9,6.5
Graphic State,5.9,4.8
Liquid Dragon Studios,5.9,5.6
GCP1,5.9,6.3
LucasArts/ BioWare,5.9,8.5
EA Vancouver,5.9,6.15
Targem Games,5.9,6.9
CI Games,5.9,3.9
Codemasters Birmingham,5.885714285714286,7.371428571428571
Tamsoft,5.883333333333333,5.566666666666666
DC Studios,5.88,5.08
Artoon,5.866666666666667,5.466666666666667
Terminal Reality/ 4mm Games,5.85,7.45
Zoe Mode/ HB Studios Multimedia,5.85,4
Epics,5.85,5.8
Funatics Software/ Funatics,5.85,6.85
SCEA Sports Studio,5.85,6.75
Hit Maker,5.833333333333333,5.333333333333334
Piranha Bytes,5.822222222222223,5.788888888888889
Altron,5.816666666666666,5.916666666666666
Takara Tomy,5.800000000000001,5.4
Crafts & Meister,5.8,7.2
Neversoft Entertainment/ Underground Development,5.8,5.7
Viva Media/ Viva Media LLC,5.8,5.9
Atomic Games,5.8,6.1
Toolbox Design,5.8,5.3
DTP Entertainment,5.8,6.3
GungHo,5.8,4.9
Tetris Online/ Inc,5.8,7.2
Camouflaj/ LLC,5.8,7.2
Ubisoft Osaka,5.8,4.6
Lightning Fish Games,5.8,7.3
Toka,5.8,3.9
Brainbox Games,5.8,3.2
Master Creating,5.8,5.7
Shade,5.8,5.4
Telltale Games,5.783333333333334,5.616666666666666
Blitz Games Studios,5.766666666666667,6.133333333333334
EA Sports/ EA Canada,5.75,7.9
3DO,5.747058823529413,5.529411764705882
Deibus Studios,5.733333333333334,4.633333333333334
Cyanide/ Cyanide Studios,5.733333333333333,5.433333333333334
Monumental Games,5.733333333333333,6.9
Slant Six,5.700000000000001,5.779999999999999
Human Entertainment,5.7,4.9
GameCo,5.7,6.7
Super Empire,5.7,4.5
Reloaded Productions/ Reloaded Games Inc.,5.7,5.6
Game Titan,5.7,7.2
Cauldron Ltd.,5.7,4.5
Ubisoft Barcelona,5.7,5.4
Cyanide,5.642857142857143,6.0285714285714285
Light Weight,5.625,5.625
Danger Close,5.6000000000000005,5.433333333333334
Incinerator Games,5.6,5.05
Secret Stash Games,5.6,5.6
Box Clever Interactive,5.6,3.5
Cinemaware,5.6,5.9
Metro3D,5.6,5.3
Egosoft,5.6,5.3
HB Studios Multimedia,5.558333333333333,4.991666666666666
The Fun Pimps Entertainment LLC,5.550000000000001,4
Sega Studios San Francisco,5.550000000000001,4.1
Alpha Unit,5.5,5.4
Disney Interactive Studios,5.5,5.9
ImaginEngine,5.5,6.2
Wargaming.net,5.5,7.45
City Interactive,5.485714285714285,4.928571428571429
Nitro Games,5.45,6.75
Cooking Mama Limited,5.45,5.9
Visual Impact,5.45,4.45
Infinity Ward,5.420000000000001,8.379999999999999
Arcade Moon,5.4,4.1
MileStone Inc.,5.4,4
Coyote Console,5.4,5.1
Gameinvest/ Seed Studios Lda,5.4,3.1
Oxygen Interactive,5.4,5.1
Genuine Games,5.3999999999999995,4.25
Ubisoft Casablanca,5.366666666666666,4.866666666666666
Kalypso,5.359999999999999,5.779999999999999
Sensory Sweep,5.300000000000001,4.25
Smack Down Productions,5.3,4.8
Metropolis Software,5.3,3.5
Icon Games,5.3,6.2
OfficeCreate,5.3,6.1
Overkill Software,5.3,7.6
5000ft,5.3,6.3
Nintendo/ Camelot Software Planning,5.3,5.8
Inland Productions,5.3,4.5
Bunkasha Publishing,5.2,7.4
Sledgehammer Games,5.2,8.066666666666666
Artificial Studios/ Immersion Software & Graphics,5.2,5.5
Magic Pixel Games,5.2,6.6
System 3,5.166666666666667,5.466666666666667
Artefacts Studio,5.133333333333334,4.733333333333333
Kylotonn,5.133333333333334,4.633333333333334
Ghost Games,5.12,7.74
Next Level Games/ Nintendo,5.1,6.4
SNK,5.1,7.6
Equinoxe,5.1,4.8
Liquid Entertainment,5.050000000000001,3.85
Mucky Foot Productions,5.05,5.1
Silver Wish Games,5,6.2
BigPark,5,5.2
Cat Daddy Games,5,4.733333333333333
Premium Agency,5,5.7
MTO,5,5.9
LucasArts/ Krome Studios,5,4.45
Digital Leisure Inc.,5,3.1
Empire Interactive,5,3.1
The Code Monkeys,5,3.8
Gearbox Software/ 3D Realms,5,5.133333333333334
Kodiak Interactive,5,6.7
Atari/ Slightly Mad Studios/ Atari SA,4.9,6.2
Sonnori,4.9,4.8
Spark Unlimited/ comcept,4.9,4.65
EA Canada/ EA Vancouver,4.9,7.75
Zoom,4.9,6.5
Lucas Learning,4.9,7.1
EA Sports/ EA Vancouver,4.8999999999999995,8.433333333333334
Namco Bandai Games/ Monkey Bar Games,4.8999999999999995,5.266666666666667
Red Tribe,4.880000000000001,3.8200000000000003
Collision Studios,4.866666666666666,4.166666666666666
Broadsword Interactive,4.85,4.6
3G Studios,4.85,4
Mad Doc Software,4.85,6.225
Full Fat,4.816666666666667,5.166666666666666
Spellbound,4.800000000000001,6.35
Metro Graphics,4.8,6.3
Hijinx Studios,4.8,7
8Monkey Labs,4.8,4.4
RED Entertainment/ Spike Chunsoft,4.8,5.7
3d6 Games,4.8,6.3
Interplay,4.8,6.5
Eutechnyx,4.752631578947368,5.636842105263158
Nikitova Games,4.7,3.5
Headup Games/ Crenetic Studios,4.7,5
Midway Studios - San Diego,4.7,4.8
Mediascape/ CUBETYPE,4.7,5.5
Kemco,4.7,4.4
Titus Software,4.666666666666666,5.066666666666666
Taito Corporation/ 505 Games,4.65,4.1
Red Zone Entertainment,4.6,5.1
Realmforge Studios,4.6,6.5
Deep Silver,4.574999999999999,5.9
Turtle Rock Studios,4.566666666666666,7.566666666666667
Destination Software,4.55,3.4
Hello Games,4.5,7.1
Headgate,4.5,9.1
The Digital Lounge/ Dino Dini,4.5,3.1
Doublesix,4.4,4.9
EA Redwood Shores/ EA Salt Lake,4.4,6.6
Neko Entertainment,4.3,4.033333333333333
Hangar 13,4.3,6.6
Blue Tongue,4.3,3.9
CiRCLE,4.25,4.5
ZootFly,4.25,4.1
THQ Australia,4.25,3.8
Lucky Chicken,4.233333333333333,4.833333333333334
Crave,4.2,5.675
Atomic Planet Entertainment/ Mud Duck Productions,4.2,3
Ubisoft Barcelona/ Ubisoft Reflections,4.2,4.1
Blue Omega,4.199999999999999,3.6
Hoplite Research,4.15,5.6
Gusto Games,4.1,5.8
Hothouse Creations,4.1,3.55
Check Six Games,4.1,5.6
Guildford Studio,4.1,5.15
Nintendo/ Namco Bandai Games,4,5.9
Ubisoft/ Ubisoft Montreal,4,7.066666666666667
Tranji,4,4.6
Osiris Studios,4,2.6
FeelPlus,3.9499999999999997,4.95
Bright Future GmbH,3.9,7.2
Wildfire Studios,3.8,2.6
Awesome Play Ltd.,3.8,3.7
Dusenberry Martin Racing,3.8,6.6
Gaslamp Games,3.8,5.8
Big Red Software,3.8,5.1
Deep Silver Dambuster Studios,3.7999999999999994,5.033333333333333
Dreamcatcher,3.733333333333333,4.166666666666666
Powerhead Games,3.7,2.4
AI,3.7,2.6
Namco Bandai Games/ Cellius,3.7,4.4
Taniko,3.7,5.1
Gameness Art Software,3.7,2.6
Robomodo,3.6666666666666665,4.5
Fatshark AB,3.65,3.6
Rovio Mobile/ Rovio Entertainment,3.6,6.45
Gorilla Systems,3.6,4.6
HotGen,3.6,2.5
Big Red Button Entertainment,3.6,3.2
Longtail Studios,3.5999999999999996,4.2
Trickstar Games,3.5666666666666664,4.466666666666667
Phosphor Games Studio/ LLC,3.5,2.4
SScholastic Media,3.5,3.7
Helixe,3.4000000000000004,5.2
Deep Silver/ Keen Games,3.4,5.6
Infinity Ward/Sledgehammer Games,3.4,8.8
Bam Entertainment,3.4,3.8
Atomic Motion,3.3,3.85
FrontLine Studios,3.3,2.2
Teyon,3.3,3.9
Big Time Software,3.3,6.2
ECI,3.2,3.8
Frogwares/ Mistic Software,3.1,5.7
TDK Mediactive,3.1,2.7
Nfusion,3,3.7
Eighting/ Takara Tomy,3,3.8
Data Design Interactive,2.9,1.9333333333333331
High Voltage Software/ Backbone Entertainment,2.9,3.725
Infinity Ward/ Sledgehammer Games,2.85,8.3
Black Lantern Studios,2.8,1.9
Touchdown Entertainment,2.8,3.3
Frontier Developments,2.7700000000000005,7.18
Leviathan Games,2.7,3.3
505 Games,2.65,4.3
Enlight Software,2.5,5.8
Interchannel,2.5,3.9
Rocksteady Studios/ Iron Galaxy Studios,2.5,7
Nvizzio Creations,2.4,4.3
DiP Interactive,2.4,4.1
Ronin Entertainment,2.4,3.2
Fluid Studios,2.4,4.6
React Games,2.3,4.2
Panic Button,1.9500000000000002,3.2
Treyarch/ Sledgehammer Games,1.8,7
Idol FX,1.8,2.2
SkyRiver Studios,1.7,3.4
Seven45 Studios,1.3,3.6
Eutechnyx/ Deep Silver,1.15,1.6
SouthPeak Games,0.7,3.2
